Full_Name,User,Tweet
Perry Jones,@supe_jones,@supe_jones: RT @CoachMikeLondon: FYI  Recruiting Questionnaire: https://t.co/CLRi7MUaGIW &amp; M tradition :https://t.co/wusj7dktDa info about our FB prog‚Ä¶
Perry Jones,@supe_jones,@supe_jones: @Dyrell_Roberts @Therapyquotes_ Amen Coach
Perry Jones,@supe_jones,@supe_jones: RT @Dyrell_Roberts: FEBRUARY 2Ô∏è‚É£0Ô∏è‚É£2Ô∏è‚É£5Ô∏è‚É£ https://t.co/2O5Y2N2Z17
Perry Jones,@supe_jones,@supe_jones: Looking for Virginia‚Äôs best! https://t.co/dLIaHxSxK9
Perry Jones,@supe_jones,Delaware! I‚Äôm excited to meet and talk with some good coaches and players!
Perry Jones,@supe_jones,"I say all this to say it‚Äôs ok to have football as plan A, but just know that this thing is short and you have to be ok when it ends. Be ready to roll into something else and give it everything just like you would in football. Take your education seriously."
Perry Jones,@supe_jones,"I don‚Äôt know who this is for but football is not your life. I hate to tell you but it‚Äôs going to come to an end a lot sooner than you‚Äôd like. Whether that is 1 year, 4 years, or even 10 years. What do you have to fall back on. I was depressed for 2 years after it ended for me."
Perry Jones,@supe_jones,@supe_jones: The Slash Backs are back in Williamsburg! Time to get better!! #MADEmen #developmentmatters
Deshaun Watson,@deshaunwatson,@deshaunwatson: RT @CFBRep: Deshaun Watson‚Äôs 4th Quarter magic in the 2017 National Championship Game ü™Ñ4 Days until CFB is BACK. https://t.co/oDMEz0CtAS
Deshaun Watson,@deshaunwatson,@deshaunwatson: RT @seldomusedres: ‚ÄúWatson to Renfrow for a gain of 2 yards.‚Äù https://t.co/JM5YgNuHv2
Deshaun Watson,@deshaunwatson,@deshaunwatson: RT @Browns: a dot in the end zone üò§
Deshaun Watson,@deshaunwatson,@deshaunwatson x @JeromeFord https://t.co/Z6czkuQOxC
Deshaun Watson,@deshaunwatson,@deshaunwatson: RT @Browns: corner pocket DOT to @jerryjeudy
Deshaun Watson,@deshaunwatson,@deshaunwatson | @OHLottery https://t.co/yXMpDgWoMT
Deshaun Watson,@deshaunwatson,@deshaunwatson: RT @MuniLotMenace: 4Ô∏è‚É£ tha kids @deshaunwatson https://t.co/XCxpQejq2p
Deshaun Watson,@deshaunwatson,@deshaunwatson: RT @FirstdownX__Os: Unbalanced Quick Pitch https://t.co/aOWZfywzlN
Deshaun Watson,@deshaunwatson,@deshaunwatson: RT @Browns: DW4 took some time to surprise the Rhodes High School football team before kickoff ü§ô
Deshaun Watson,@deshaunwatson,@deshaunwatson | #DawgPound https://t.co/‚Ä¶
Deshaun Watson,@deshaunwatson,@deshaunwatson: RT @Browns: poetry in motion https://t.co/JunpFaqvjs
Deshaun Watson,@deshaunwatson,@deshaunwatson: RT @Browns: dynamic duo ü§û
Deshaun Watson,@deshaunwatson,@deshaunwatson x @David_Njoku80 https://t.co/vTPsux4UlS
Deshaun Watson,@deshaunwatson,@deshaunwatson: ELITE VIBES! üî•üíØ https://t.co/m4cFGEhe3t
Jalen Pitre,@JalenPitre1,"@JalenPitre1: RT @espn975: Ôøº Join Jalen Pitre, the Houston Texans' Walter Payton Man of the Year nominee, in supporting Kids' Meals to feed Houston's hun‚Ä¶"
Jalen Pitre,@JalenPitre1,@JalenPitre1: RT @BenSims00: Sic‚Äôem https://t.co/MCY119WzBo
Jalen Pitre,@JalenPitre1,@JalenPitre1: RT @AdamSchefter: Texans S @JalenPitre1 is kicking off a 2nd season of his #Feed5More campaign with @KidsMealsInc to fight childhood hunger‚Ä¶
Jalen Pitre,@JalenPitre1,"@JalenPitre1: RT @KidsMealsInc: @WillKunkelFOX @JalenPitre1 @FOX26Houston Thank you so much for the shoutout, Will!"
Jalen Pitre,@JalenPitre1,@JalenPitre1: RT @WillKunkelFOX: ‚ÄºÔ∏è‚ÄºÔ∏èHELP NEEDED: Let‚Äôs get together and support @KidsMealsInc. 
Jalen Pitre,@JalenPitre1,‚õàÔ∏èThey lost power in the storm and lost all their peris‚Ä¶
Jalen Pitre,@JalenPitre1,Maintained control. Texans ball!
Jalen Pitre,@JalenPitre1,"@JalenPitre1: RT @TeamCoachBuzz: If you look üëÄ @ what you have in life, you‚Äôll always have more."
Jalen Pitre,@JalenPitre1,@JalenPitre1: Look how God works
Jalen Pitre,@JalenPitre1,There are somethings in this life that we are connected to that are hindering us from our purpose.
Ben Boulware,@benboulware7,LINEBACKERS - if you really want to be developed & be taught how to do this in the biggest games of your career‚Ä¶come to Clemson.
Ben Boulware,@benboulware7,Must be rookie hazing‚Ä¶üòéüß°
Ben Boulware,@benboulware7,Full circle moment for me. Thankful for the opportunity. üß°
Ben Boulware,@benboulware7,"I look back on my life so far and man it‚Äôs been a JOURNEY. The stories and memories that have happened in my life in the past 20+ years seem like I could fill a novel. From being a 10 year old running on the field after games, to being a young 14 year old freshman at TL Hanna trying to find his place in the world. To now being a 30 year old thats getting the opportunity of a lifetime. Boy it‚Äôs been an adventure. I‚Äôve been at the top of the mountain and then at the very bottom of the valley. Im super grateful for all the people that I‚Äôve met along the way. I‚Äôm even more grateful for the people that have made an impact on my life and have played a huge part in shaping me into the man I am today. My story isn‚Äôt finished though. I know I have a lot more life ahead of me. If I continue to love the Lord, love my wife/kids, and control the input each day, then it should be a good life. I can‚Äôt wait to see what the next 10 years holds because I know the best is yet to come. Wade, Sammy, Dee, Kobe, Jamal, Jeremiah, CJ, Drew, Logan, Fletcher, Griffin, Roberto, Billy & William, we‚Äôre about to go into the deep dark abyss boys. When you come up for air, you‚Äôll be a grown ass man on the other side I promise. ""The best teams/organizations/churches/businesses provide/offer some level of pressure. Pressure is not inherently good or bad. Too much can be bad. Too little can be bad. The right amount can produce things that are extremely helpful. Pressure can make diamonds or burst pipes. The best leaders are always creating pressure and leading under it.‚Äù  @rileycummings"
Ben Boulware,@benboulware7,On the road to find the next ELITE Linebacker at Clemson! üí™üß°
Ben Boulware,@benboulware7,Has the potential to be the Clemson üêê‚Ä¶
Ben Boulware,@benboulware7,The 20 year old Ben vs. the 30 year old Ben.
Ben Boulware,@benboulware7,The effort and heart is still there. The talent is not lol.
Ben Boulware,@benboulware7,LB's are playing ELITE ball.
Ben Boulware,@benboulware7,It‚Äôs a wild world we‚Äôre living in lol.
Wayne Gallman II,@waynegallman,@waynegallman: RT @effizzzyy: They tried to cancel and not forgive this man for a mistake he made as a teenager. They would booked him for performances a‚Ä¶
Wayne Gallman II,@waynegallman,"@waynegallman: RT @JabrillPeppers: In America, you‚Äôre guilty until proven innocent. Once you‚Äôre exonerated, all the media outlets/journalists who posted a‚Ä¶"
Wayne Gallman II,@waynegallman,"@waynegallman: RT @Pastor__West: Dear Lord,"
Wayne Gallman II,@waynegallman,"Today, as I step into this new day, I declare that anxiety has no power over me‚Ä¶ Peace is my portion, and vi‚Ä¶"
Wayne Gallman II,@waynegallman,@waynegallman: RT @RGIII: Wouldn‚Äôt be here without God
Wayne Gallman II,@waynegallman,@waynegallman: RT @R6Ruckle: Imagine having an Omni movement cod with the best gunplay we‚Äôve had since jetpacks and you choose to pre-aim walk for 20 seco‚Ä¶
Wayne Gallman II,@waynegallman,@waynegallman: RT @SeffSaid: https://t.co/L1k8tgtQuR
Wayne Gallman II,@waynegallman,"@waynegallman: RT @IAMTOINEJ: As I get older, I understand why ppl go MIA &amp; live a private life ü´†"
Wayne Gallman II,@waynegallman,"All good, he‚Äôll be wearing it later üòÇüòÇ"
Wayne Gallman II,@waynegallman,Loyalty is everything. Don't you EVER forget it.
Rodney McCloud,@Rodney_McLeod4,"I woke up with this on my heart. The recent tragedies in our nation warrants a compassionate and united response. Precious lives were loss, leaving people without the chance to create new memories with their loved ones. Regardless of race, religion or gender these were real"
Rodney McCloud,@Rodney_McLeod4,Sending prayers to my Philly families! üôèüèæ
Rodney McCloud,@Rodney_McLeod4,Sending thoughts and prayers to the families who lost loved ones in the tragic plane crash last night. May they find the strength and comfort they need during this difficult time of mourning. üôèüèæ
Rodney McCloud,@Rodney_McLeod4,Check out a few clips of my #pressplay Playoff breakdowns and let me know your thoughts. Would you like to see more of these leading up to the Super Bowl?
Rodney McCloud,@Rodney_McLeod4,Great group of men. Solid as they come ü´°
Rodney McCloud,@Rodney_McLeod4,Im taking Eagles over Packers. Things to watch. How much will the Eagles be able to run the ball versus a 6th rank rushing defense. Can Jalen find his rhythm with his wideouts despite missing the last 2 games. Packers must commit to the run with Josh Jacobs. Which Eagles defense
Rodney McCloud,@Rodney_McLeod4,Lamar unstoppable right now. Pleading his case for MVP
Rodney McCloud,@Rodney_McLeod4,Joe Mixon single handedly closed the game out. You MUST have a run game in the playoffs.
Rodney McCloud,@Rodney_McLeod4,The system is flawed. No penalty for his actions ü§îü§∑üèæ‚Äç‚ôÇÔ∏è And we thank you by putting you in charge to run our nation.
Rodney McCloud,@Rodney_McLeod4,Recognize your purpose in life!! Grateful  to serve a great group of students at Maple Heights who are truly Champions in the classroom!!
Eli Wood,@Eli_wood_14,"Extremely excited to announce my commitment to play football at the University of Virginia. Thank you to all my family, friends and coaches who made this possible. Go Hoos!!"
Eli Wood,@Eli_wood_14,I am extremely excited to receive a PWO from the University of Virginia. Go Hoos!! @coachmhagans @CoachBWolfe
Eli Wood,@Eli_wood_14,Congratulations @Eli_wood_14 ! 1st Team All-State WR! @ECGTTC @ecgathletics @ecghighschool
Eli Wood,@Eli_wood_14,"Eli @Eli_wood_14 ¬∑ Dec 21, 2021 Extremely grateful to be named Seminole District Player of the Year and First Team Class 4 All State! Thank you to all my teammates and coaches who made it happen."
Eli Wood,@Eli_wood_14,First 5 games 28 rec 600 yards 8 td. 
Eli Wood,@Eli_wood_14,"Had a great visit at @MUCougarsFB enjoy it the campus, the classes and the professors. Last but not least the coaching staff and the players @MisericordiaHFC #MisWHO22"
Eli Wood,@Eli_wood_14,Grateful for an roster spot offer from @AverettFootball . Thankful for the opportunity to continue my education and playing career. I appreciate  @coachphenry for the opportunity! #MidtownBoyz
Eli Wood,@Eli_wood_14,"Senior Season Highlights: 50 catches 1,020 yards 14 TDs "
Jahmeer Carter,@iamjahmeer,"Absolutely thrilled to launch my new mentorship program! If you're an athlete or know one who wants to take their game to the next level, this is your chance. For more information or to sign up, use the contact information provided."
Jahmeer Carter,@iamjahmeer,Let‚Äôs move!!!! The Juggernaut #90 @iamjahmeer @UVAFootball training at  @BOMMARITOS His warpath to the season  @coachdowning1 @jsperos @coach_M0
Jahmeer Carter,@iamjahmeer,@iamjahmeer strength is now at a scary level hitting 225 for 38 reps 
Jahmeer Carter,@iamjahmeer,"Hi Everyone! I‚Äôm excited to announce the launch of my new business, JCSportsConsulting!"
Jahmeer Carter,@iamjahmeer,"Throughout my athletic career of playing football at some of the highest levels, I have learned so much. I want to spread my knowledge and personal experience with the next generation of athletes!"
Jahmeer Carter,@iamjahmeer,The grind don‚Äôt stop üî∂‚öîÔ∏èüî∑
Jahmeer Carter,@iamjahmeer,"Carter is a player who could have a breakout season in 2021 for the Hoos. This season he got some valuable playing time and recorded 14 Tackles, 1 Tackle for Loss and 1 Sack."
Jahmeer Carter,@iamjahmeer,Thank you Spalding! It has been an amazing 4 years!‚ù§Ô∏è
Jahmeer Carter,@iamjahmeer,Detox the mind.
Jahmeer Carter,@iamjahmeer,Go & earn your Respect..